"","CTname","Population..1996..100..data.","Population..2001..100..data.","Population.percentage.change..1996.2001","Land.area.in.square.kilometres..2001","Total.population.by.sex.and.age.groups..100..data.","X..Male..total","X0.4","X5.9","X10.14","X15.19","X20.24","X25.29","X30.34","X35.39","X40.44","X45.49","X50.54","X55.59","X60.64","X65.69","X70.74","X75.79","X80.84","X85.","X..Female..total","X0.4.1","X5.9.1","X10.14.1","X15.19.1","X20.24.1","X25.29.1","X30.34.1","X35.39.1","X40.44.1","X45.49.1","X50.54.1","X55.59.1","X60.64.1","X65.69.1","X70.74.1","X75.79.1","X80.84.1","X85..1"
"1",9330001.01,6420,6505,1.3,1.04,6510,2955,135,200,235,305,235,125,150,215,255,275,230,165,130,90,85,55,40,25,3550,145,220,220,250,190,150,180,300,325,345,300,205,175,130,105,110,90,115
"2",9330001.02,3844,3873,0.8,1.91,3875,1735,110,155,120,130,95,80,115,150,175,145,115,75,65,65,60,30,30,35,2135,135,125,120,135,85,110,155,210,210,160,150,95,85,80,75,45,55,105
"3",9330002.01,4874,5614,15.2,1.96,5615,2710,135,135,170,180,195,230,245,255,230,225,200,125,90,115,75,50,40,15,2900,140,145,160,165,200,240,275,275,265,265,210,120,110,105,90,75,55,20
"4",9330002.02,7206,7399,2.7,1.58,7400,3525,150,205,250,265,260,215,225,250,300,305,315,185,160,125,120,90,60,50,3870,145,165,240,295,260,235,260,285,360,350,315,185,165,120,130,130,110,130
"5",9330003.01,3340,3459,3.6,0.54,3460,1750,135,145,100,120,140,130,165,145,160,110,105,60,75,45,40,45,20,10,1710,105,130,115,100,130,135,145,140,150,110,95,85,65,60,55,40,25,20
"6",9330003.02,4230,4448,5.2,1.11,4450,2195,170,165,135,145,175,170,195,190,190,130,115,90,85,85,50,45,35,25,2250,160,170,105,125,170,180,195,190,150,125,115,100,100,95,70,70,60,75
"7",9330004.01,4250,4117,-3.1,1.56,4120,1910,80,90,115,150,155,115,125,155,150,130,150,80,80,75,75,70,45,60,2210,75,75,105,150,130,130,130,155,185,145,160,95,100,80,90,115,105,180
"8",9330004.02,4524,5179,14.5,1.19,5180,2610,225,185,150,145,190,190,260,240,200,185,160,115,105,100,85,50,20,15,2570,175,170,130,165,180,250,240,225,185,155,160,140,105,105,80,50,30,35
"9",9330005,6553,6848,4.5,1.37,6850,3300,135,120,120,100,240,425,470,485,365,310,165,105,70,55,50,45,15,20,3550,135,120,115,140,300,460,505,455,380,280,205,130,75,55,60,55,45,25
"10",9330006.01,4471,4490,0.4,0.92,4490,2120,85,100,150,195,185,145,115,160,190,180,205,105,75,75,65,45,25,20,2365,75,105,145,190,205,140,160,175,255,215,195,120,75,80,75,55,55,40
"11",9330006.02,4857,5048,3.9,1.08,5045,2430,85,100,165,235,220,145,175,160,190,245,195,130,85,90,80,50,55,35,2620,70,90,165,220,225,145,150,170,245,245,205,105,100,75,110,95,70,125
"12",9330007.01,5181,4954,-4.4,2.63,4950,2335,100,120,170,195,180,120,135,130,165,215,245,115,125,80,90,65,40,25,2620,90,115,190,215,190,120,135,185,230,240,235,145,120,105,90,90,70,55
"13",9330007.02,3378,3670,8.6,1.43,3670,1710,70,90,130,175,145,95,70,85,100,150,190,135,80,65,45,35,30,20,1960,60,95,150,160,155,100,105,105,150,175,210,135,90,55,50,40,60,65
"14",9330008,5454,5364,-1.7,5.45,5365,2585,105,130,240,250,190,110,110,130,185,180,245,190,155,125,100,60,45,30,2780,100,150,210,245,170,150,120,160,210,260,290,190,125,120,100,85,70,40
"15",9330009,6463,6945,7.5,1.67,6945,3135,100,130,185,250,260,230,225,235,225,280,265,195,135,115,105,75,55,65,3815,100,120,200,270,275,265,255,265,310,340,295,200,155,145,135,150,155,175
"16",9330010.01,4408,4571,3.7,1.39,4570,2075,50,95,140,205,195,125,80,125,125,165,175,115,105,85,80,80,65,60,2495,75,85,115,175,205,140,110,155,175,225,210,135,100,110,140,125,105,125
"17",9330010.02,4339,4478,3.2,1.37,4480,2095,60,80,140,190,200,120,85,100,150,205,200,115,80,90,80,90,60,50,2385,65,75,125,225,205,130,100,165,210,245,195,90,85,90,120,100,80,70
"18",9330011,5737,6038,5.2,1.63,6035,2890,180,190,200,195,230,235,220,225,215,195,175,125,100,120,100,85,60,35,3150,195,180,170,190,260,230,245,205,240,200,185,145,145,130,120,120,100,85
"19",9330012,7061,7482,6,1.55,7480,3620,220,175,205,285,300,265,285,300,275,320,255,140,130,165,115,105,45,30,3855,215,175,210,250,290,275,305,335,315,350,270,155,165,150,130,140,70,60
"20",9330013.01,5534,5927,7.1,1.15,5925,2880,155,185,170,210,215,230,235,230,235,200,180,115,115,140,125,75,30,30,3050,175,160,165,170,200,255,235,245,255,210,230,130,135,125,150,110,50,40
"21",9330013.02,6931,7555,9,1.11,7555,3720,230,275,265,245,295,275,320,315,290,245,220,140,150,160,120,95,35,35,3840,220,230,255,230,270,340,295,295,305,265,210,185,170,185,145,105,75,55
"22",9330014,7387,8138,10.2,1.32,8140,3895,210,235,270,335,315,235,270,305,295,330,255,180,150,170,135,110,55,50,4245,180,210,300,265,305,290,280,365,370,335,310,170,205,185,160,150,90,60
"23",9330015.01,4493,4588,2.1,0.94,4590,2245,75,115,150,185,200,175,130,170,150,170,190,120,100,110,80,60,40,25,2345,85,95,150,195,180,165,145,155,205,220,205,110,110,85,100,65,50,30
"24",9330015.02,5143,5307,3.2,1.34,5305,2580,90,130,200,220,215,125,140,185,195,200,200,130,120,115,115,90,55,45,2725,95,115,170,210,190,135,125,180,230,250,210,120,120,135,135,125,90,95
"25",9330016.01,4258,4614,8.4,0.69,4615,2185,125,170,165,175,150,155,150,155,185,205,135,90,85,85,60,55,25,15,2425,125,155,165,165,190,165,190,180,240,175,165,100,100,100,85,50,40,45
"26",9330016.03,5110,6991,36.8,0.67,6990,3420,230,220,175,225,365,360,325,370,275,200,155,100,115,110,90,50,30,20,3570,205,185,165,205,375,370,365,360,310,220,175,125,145,120,105,70,45,30
"27",9330016.04,6867,6880,0.2,0.95,6880,3395,220,245,220,225,280,250,300,320,310,240,210,135,120,110,100,65,40,10,3485,200,215,175,215,255,300,320,385,280,260,205,150,150,120,110,80,50,20
"28",9330017.01,5747,6101,6.2,1.16,6105,2970,170,205,200,190,220,200,245,260,280,185,200,115,125,135,100,75,35,30,3135,150,180,190,200,225,245,250,280,260,235,185,150,160,135,100,80,55,45
"29",9330017.02,5495,6146,11.8,0.85,6145,3060,175,235,195,215,235,215,265,315,235,200,195,105,140,125,100,60,35,25,3085,175,165,160,150,220,235,280,290,255,210,215,135,155,150,115,80,65,30
"30",9330018.01,5857,6033,3,0.92,6030,2965,190,190,180,210,230,185,235,285,260,205,185,95,135,140,120,75,25,25,3070,180,180,175,170,185,235,270,270,280,220,190,135,140,140,110,85,45,45
"31",9330018.02,6269,6405,2.2,0.99,6405,3150,200,245,195,180,240,230,280,290,295,240,185,120,115,110,100,65,35,25,3260,200,180,160,190,230,265,290,305,285,265,200,130,125,130,125,95,55,30
"32",9330019,5175,5358,3.5,1.86,5355,2470,110,130,150,165,205,185,180,180,230,185,190,120,85,95,90,70,55,45,2890,130,130,135,170,195,175,205,250,235,220,210,135,125,115,130,120,100,105
"33",9330020,2544,2582,1.5,1.39,2585,1185,20,40,75,95,100,70,45,45,70,85,115,55,55,50,65,70,55,75,1400,30,45,40,80,95,55,60,60,75,105,105,65,50,55,100,105,85,190
"34",9330021,4222,4156,-1.6,2.2,4155,2035,90,90,165,245,165,100,85,90,125,160,190,160,110,90,85,40,25,15,2120,70,100,155,210,175,95,100,115,160,215,225,140,115,85,80,40,35,20
"35",9330022,2694,2898,7.6,0.32,2900,1135,35,25,60,95,50,75,85,70,115,90,105,40,35,60,50,45,55,55,1765,30,45,75,90,90,95,90,125,135,130,125,70,75,80,85,135,140,140
"36",9330023,4435,4538,2.3,1.2,4535,2170,95,125,180,220,200,110,110,125,140,195,205,140,70,70,45,40,30,55,2370,95,110,165,205,165,110,125,145,200,235,220,125,85,65,50,65,60,140
"37",9330024,6051,6038,-0.2,1.71,6040,2970,150,200,260,275,210,160,130,180,210,285,280,205,110,100,80,55,30,45,3070,145,170,220,250,265,150,165,200,270,310,290,170,120,95,90,60,45,45
"38",9330025,7219,7239,0.3,2.01,7240,3525,175,215,255,310,275,220,220,245,255,290,315,205,165,115,95,80,55,40,3715,165,180,205,255,295,230,255,280,300,305,355,195,150,120,95,100,90,150
"39",9330026,4843,4956,2.3,1.27,4955,2380,100,135,190,225,180,155,120,140,165,230,220,140,90,85,75,70,30,25,2575,95,115,185,185,195,130,130,165,225,250,195,140,105,80,105,120,75,70
"40",9330027,6841,6869,0.4,2.33,6870,3190,85,135,230,300,305,175,140,135,195,275,305,195,145,110,130,120,105,110,3680,95,150,185,275,270,215,140,205,270,345,315,165,125,145,145,180,220,240
"41",9330028,3224,3218,-0.2,1.46,3220,1515,55,65,100,125,155,115,105,90,105,110,135,95,65,75,45,35,25,20,1700,65,65,90,140,115,145,135,130,135,150,145,85,85,60,40,60,35,25
"42",9330029,5691,5901,3.7,1.48,5900,2800,150,150,140,135,235,330,325,250,195,205,195,100,90,70,65,65,50,50,3100,115,130,115,140,245,365,350,290,255,225,205,115,90,75,90,95,85,115
"43",9330030,6606,6587,-0.3,1.49,6590,3195,190,165,165,195,245,275,280,290,285,260,215,130,120,130,110,70,40,25,3390,175,190,185,195,245,250,290,320,310,290,270,165,120,115,100,80,45,45
"44",9330031.01,5460,5490,0.5,0.87,5485,2570,170,120,120,145,170,270,330,275,205,195,180,100,75,60,75,45,20,20,2915,160,110,105,115,215,335,370,295,270,215,215,115,100,85,65,55,50,45
"45",9330031.02,4468,4563,2.1,0.68,4560,2235,135,120,100,135,195,210,205,245,175,150,160,90,80,80,80,40,20,15,2325,125,115,100,125,160,215,225,245,200,205,165,85,90,90,70,55,20,30
"46",9330032,6987,7463,6.8,1.23,7460,3700,210,260,225,245,275,305,330,380,360,285,225,135,120,130,90,70,30,30,3760,225,210,195,205,245,310,350,405,360,300,245,145,135,135,110,75,55,45
"47",9330033,7166,7743,8.1,1.15,7740,3870,250,265,260,240,255,285,360,415,315,310,225,145,145,155,115,60,35,30,3870,245,210,205,225,265,300,350,400,325,325,210,165,150,145,135,105,60,60
"48",9330034.01,4526,4852,7.2,0.66,4850,2385,155,150,150,135,170,185,210,250,205,160,125,100,95,100,100,60,25,25,2465,170,145,115,125,180,215,225,215,180,185,135,105,125,125,70,70,40,35
"49",9330034.02,6297,6575,4.4,1.35,6580,3170,160,195,210,200,195,255,270,310,260,230,210,130,135,135,125,85,35,35,3405,195,205,205,245,220,265,285,310,260,225,200,165,150,135,100,95,75,90
"50",9330035.01,3959,3923,-0.9,0.72,3920,1965,90,100,115,140,175,155,160,165,145,130,145,75,90,100,80,60,30,25,1955,100,75,105,120,135,165,150,190,155,155,120,75,105,95,85,55,35,35
"51",9330035.02,6458,7182,11.2,1.57,7180,3455,205,220,185,205,260,280,300,320,280,250,195,125,140,175,135,115,40,35,3730,195,225,200,200,255,295,320,330,320,275,235,140,175,150,140,110,85,75
"52",9330036.01,5551,5654,1.9,1.38,5655,2760,150,175,175,185,185,195,195,240,225,225,175,110,120,145,105,80,45,30,2895,125,175,185,165,190,195,205,245,230,230,200,125,125,150,125,90,60,75
"53",9330036.02,5302,5185,-2.2,1.45,5185,2555,135,150,165,170,205,180,180,240,235,205,195,85,110,95,85,50,50,20,2625,125,150,160,190,160,185,195,225,245,200,175,115,125,110,95,80,55,35
"54",9330037.01,5200,5256,1.1,0.62,5260,2665,170,180,130,120,200,295,300,315,275,205,155,60,85,65,50,30,15,10,2590,155,170,120,125,215,280,275,285,240,190,125,80,100,75,60,45,25,30
"55",9330037.02,3570,3643,2,0.54,3645,1855,90,95,70,70,175,235,200,185,180,140,110,75,55,60,50,35,20,10,1790,95,90,75,80,160,215,210,150,145,125,100,65,60,50,65,55,25,10
"56",9330038,4628,4766,3,0.59,4760,2240,120,100,70,75,180,275,295,290,215,150,140,80,55,55,55,35,30,15,2530,135,115,65,90,245,255,320,285,235,170,120,95,80,75,60,60,45,70
"57",9330039.01,5205,5397,3.7,0.72,5395,2575,125,65,50,55,200,355,440,405,270,175,150,95,65,50,35,25,15,10,2825,110,60,50,60,265,465,470,355,235,195,155,95,80,45,55,65,30,35
"58",9330039.02,4970,4990,0.4,0.61,4990,2100,90,70,45,75,140,285,310,260,175,155,120,70,65,45,50,55,35,60,2890,70,50,70,75,220,360,355,270,245,240,175,115,75,80,90,105,105,200
"59",9330040.01,3539,3494,-1.3,0.28,3490,1535,25,20,5,20,140,330,350,205,125,80,85,45,25,20,25,20,15,10,1955,35,5,15,30,225,475,355,215,140,100,95,70,30,40,40,30,30,25
"60",9330040.02,4308,4308,0,0.31,4310,1745,60,25,10,15,110,340,330,245,170,105,75,70,40,35,45,30,20,25,2560,50,35,15,35,200,455,425,265,210,150,135,90,90,80,65,75,85,105
"61",9330041.01,3754,4276,13.9,0.37,4275,1835,40,20,30,55,135,280,325,245,140,120,110,75,60,50,30,45,40,30,2445,60,15,25,55,175,400,390,220,180,140,145,105,75,65,75,85,90,130
"62",9330041.02,4033,5719,41.8,1,5720,2650,110,100,100,125,185,330,415,305,225,190,175,135,60,70,65,30,15,20,3065,125,75,100,115,230,400,445,340,270,240,220,160,85,90,75,40,35,25
"63",9330042,5713,5881,2.9,1.09,5880,2845,140,115,155,165,240,315,315,295,220,200,215,130,85,100,60,55,30,15,3035,110,135,135,145,290,365,325,250,255,255,230,145,70,85,80,60,50,45
"64",9330043.01,3813,3743,-1.8,0.71,3740,1800,95,80,115,105,210,160,135,140,130,155,145,110,65,45,45,30,25,20,1945,95,95,80,110,180,135,155,165,155,175,160,115,75,55,50,65,55,40
"65",9330043.02,4150,4180,0.7,1,4185,1975,70,80,150,170,160,140,135,110,125,170,195,145,95,75,50,60,25,10,2210,95,100,140,160,155,190,150,140,180,200,200,145,85,60,75,45,50,45
"66",9330044,4921,4753,-3.4,2.73,4750,2240,85,110,135,150,145,145,130,165,175,160,220,150,130,95,95,70,50,30,2510,80,110,110,140,130,160,160,170,180,190,235,165,140,105,125,120,105,95
"67",9330045.01,4191,4843,15.6,0.66,4845,2320,95,60,90,80,160,310,360,270,190,150,170,130,80,60,40,30,15,20,2520,95,60,55,90,240,395,350,275,215,170,175,135,70,55,40,40,35,25
"68",9330045.02,5081,5215,2.6,0.74,5215,2460,115,80,75,85,205,400,335,260,190,215,180,120,60,35,50,30,20,10,2755,115,100,80,95,290,405,370,290,220,220,195,105,65,40,55,55,30,25
"69",9330046,4793,4972,3.7,0.49,4975,2320,80,60,60,65,160,390,435,280,195,160,130,95,60,50,40,45,15,15,2650,60,55,35,55,225,495,430,275,205,190,170,100,90,70,65,65,35,40
"70",9330047.01,3381,3555,5.1,0.32,3555,1615,30,30,10,35,85,245,275,200,125,130,135,85,55,55,55,40,25,15,1940,40,20,20,25,110,290,290,195,140,130,135,115,80,55,80,85,65,70
"71",9330047.02,4250,4119,-3.1,0.37,4120,1985,45,20,20,25,140,405,455,285,155,135,115,60,30,30,25,20,10,10,2135,50,25,25,20,205,425,410,250,180,150,130,65,55,35,35,35,25,25
"72",9330048,5873,6323,7.7,1.2,6325,3035,80,50,50,75,195,470,555,380,280,225,220,165,90,70,65,40,25,10,3285,80,50,35,65,230,545,545,365,300,265,205,170,105,80,85,60,60,45
"73",9330049.01,4410,5251,19.1,1.55,5250,2535,120,50,50,55,120,315,440,325,265,245,220,130,90,45,45,20,5,0,2710,115,50,55,65,150,370,495,345,245,225,205,140,95,60,40,25,10,15
"74",9330049.02,5550,5909,6.5,0.82,5910,2640,100,90,85,120,120,160,250,255,200,235,255,220,160,120,120,70,40,35,3270,105,90,65,120,150,210,230,265,270,310,365,265,190,155,155,135,95,105
"75",9330050.02,6335,6286,-0.8,0.69,6290,3105,165,140,100,115,240,320,350,365,300,250,205,135,110,120,85,55,25,20,3180,145,150,115,110,280,365,335,300,310,260,185,120,110,105,115,85,50,35
"76",9330050.03,4442,4859,9.4,1.29,4855,2565,105,90,65,70,150,290,355,340,280,235,195,125,90,65,55,35,25,15,2295,115,75,80,65,155,270,305,280,240,195,155,105,70,55,55,35,20,15
"77",9330050.04,3802,3702,-2.6,0.31,3700,1890,115,100,65,65,145,165,210,250,205,165,110,90,65,70,30,25,10,5,1810,110,100,75,65,135,160,215,215,180,175,105,80,60,35,45,20,20,20
"78",9330051,7344,7596,3.4,1.28,7600,3645,240,210,210,190,230,330,325,345,330,255,235,115,125,180,145,95,60,30,3955,215,195,205,195,270,295,405,390,340,250,255,150,170,215,145,110,60,90
"79",9330052.01,5559,5678,2.1,1.24,5675,2765,150,185,180,195,170,200,205,230,230,165,145,130,135,165,100,85,60,35,2910,150,175,180,180,200,210,205,220,240,205,140,140,140,145,125,110,80,65
"80",9330052.02,5499,6244,13.5,1.3,6245,3070,205,195,190,175,220,225,260,300,275,210,200,115,120,140,115,85,25,25,3175,190,205,195,170,200,230,270,290,265,250,195,140,145,145,120,80,55,40
"81",9330053.01,5938,6346,6.9,2.58,6345,3200,185,195,160,180,225,260,270,345,285,210,195,130,140,165,130,75,30,20,3145,165,185,155,170,190,265,310,290,265,200,195,140,150,155,130,95,45,40
"82",9330053.02,3135,3087,-1.5,0.79,3085,1535,80,80,80,80,105,135,135,145,145,105,130,70,70,50,55,30,20,25,1545,80,65,75,70,115,135,150,145,105,125,120,75,60,50,55,60,35,25
"83",9330054.01,4044,3984,-1.5,0.58,3985,1925,90,115,85,100,105,190,220,205,200,140,130,65,55,60,70,50,20,15,2065,100,90,90,110,170,180,240,225,170,150,120,75,65,80,70,65,40,35
"84",9330054.02,4155,4246,2.2,0.8,4245,2065,95,130,135,115,120,160,180,200,175,135,125,75,95,115,90,70,35,20,2180,115,125,110,100,135,160,200,200,185,140,140,95,85,115,110,80,50,35
"85",9330055.01,5349,5299,-0.9,0.81,5295,2675,140,120,120,135,185,220,265,315,275,240,195,100,100,100,75,50,30,20,2620,145,135,120,120,185,235,245,275,255,245,145,110,80,90,85,60,50,35
"86",9330055.02,4492,4615,2.7,0.66,4615,2325,140,115,75,70,150,165,245,275,255,210,180,125,85,90,75,35,15,15,2290,120,105,85,80,165,190,250,260,250,210,150,110,105,65,55,50,35,30
"87",9330056.01,4365,4290,-1.7,1.13,4290,2175,100,135,95,95,125,210,245,270,260,180,160,70,55,65,55,25,15,10,2115,125,105,105,85,165,230,235,200,190,165,135,85,70,60,55,50,40,20
"88",9330056.02,4345,4469,2.9,0.67,4470,2145,85,90,100,75,140,270,315,275,200,165,145,90,55,55,45,30,15,15,2320,105,80,95,85,210,290,310,265,230,175,165,90,65,50,40,30,20,25
"89",9330057.01,2633,2854,8.4,0.24,2855,1455,45,65,55,65,80,75,85,130,135,105,105,65,70,85,110,85,55,45,1400,35,60,55,65,60,50,65,75,80,65,75,35,65,95,115,135,130,130
"90",9330057.02,5470,5065,-7.4,1.63,5065,2530,90,110,120,135,125,165,225,225,255,200,195,100,140,165,120,85,55,40,2530,85,100,120,110,130,170,180,195,180,175,130,90,115,140,160,135,130,195
"91",9330058,3412,3535,3.6,1.13,3540,2475,30,30,20,20,45,85,180,245,290,280,305,230,210,155,155,105,55,35,1060,25,30,25,20,30,75,80,95,105,95,80,55,50,75,55,45,50,60
"92",9330059.03,3005,7210,139.9,0.58,7210,3670,150,95,90,125,240,530,590,450,310,230,245,160,165,100,85,50,30,15,3540,150,85,80,110,245,515,525,355,265,245,240,205,135,120,95,65,40,60
"93",9330059.04,5060,6118,20.9,0.41,6115,3720,70,15,10,30,260,625,685,495,345,280,290,220,145,95,80,55,15,15,2400,70,20,5,50,315,535,415,255,130,145,150,85,65,30,40,35,20,20
"94",9330059.05,3845,6653,73,1.65,6655,3845,80,50,30,80,330,635,605,430,340,305,300,200,140,135,80,55,30,10,2810,80,35,35,85,335,540,425,285,195,190,185,110,110,85,45,35,20,15
"95",9330059.06,4454,4993,12.1,0.59,4990,3630,20,20,10,20,125,255,375,510,530,450,415,265,195,160,115,90,45,35,1360,10,10,10,30,100,115,170,180,150,120,75,70,50,40,70,55,50,45
"96",9330060.01,3147,2982,-5.2,0.14,2985,1555,30,10,15,35,145,260,265,200,150,120,105,90,45,35,20,20,15,5,1430,35,15,15,30,185,290,215,145,95,65,95,75,45,30,25,35,15,20
"97",9330060.02,5203,5753,10.6,0.22,5755,3140,65,45,30,45,210,445,480,470,295,255,245,185,115,95,55,55,20,15,2615,55,40,25,55,280,425,400,255,190,205,170,130,100,80,80,50,45,25
"98",9330061,4731,4696,-0.7,0.2,4695,2445,40,25,20,30,210,340,405,355,225,185,195,120,75,55,75,55,20,30,2250,35,15,20,45,250,400,295,240,180,125,135,115,80,60,75,70,65,45
"99",9330062,3281,3225,-1.7,0.16,3230,1580,20,10,10,10,45,140,160,215,145,150,135,105,90,80,95,70,45,40,1650,20,15,5,15,65,135,160,130,110,125,125,115,105,80,110,110,120,100
"100",9330063,3585,3398,-5.2,0.18,3400,1760,40,30,20,30,110,235,235,295,180,160,120,105,65,30,40,35,15,10,1635,35,25,25,30,130,245,230,180,135,110,135,95,50,60,40,55,30,30
"101",9330064,4034,3917,-2.9,0.23,3920,2100,35,10,10,35,215,365,335,315,190,170,140,80,60,45,25,25,20,10,1820,35,10,20,35,235,330,285,200,135,120,100,75,60,40,40,40,35,25
"102",9330065,6417,6476,0.9,0.23,6480,3345,45,40,25,60,370,635,530,390,250,230,190,140,105,110,75,75,35,35,3130,60,15,25,65,500,605,430,280,190,165,150,110,105,80,70,90,75,105
"103",9330066,1513,3777,149.6,0.49,3775,1985,55,30,20,55,195,345,355,255,115,125,155,95,60,40,35,15,5,10,1795,50,25,10,50,225,340,310,190,115,125,125,65,60,40,20,15,5,10
"104",9330067,5340,6214,16.4,0.41,6210,3245,75,60,40,80,265,425,390,360,290,245,235,225,190,110,125,85,35,30,2965,90,55,35,90,270,400,330,265,210,210,220,190,130,140,115,100,65,55
"105",9330068,4733,4679,-1.1,3.99,4680,2405,30,15,15,35,115,290,380,360,260,215,195,115,120,75,70,55,40,20,2275,30,25,15,35,135,300,305,240,210,190,200,120,95,85,80,80,70,60
"106",9330069,6833,7816,14.4,14.3,7815,3780,235,210,225,205,440,405,455,370,255,210,190,135,110,90,85,55,55,50,4035,250,215,180,215,430,455,460,400,275,220,215,150,110,85,85,85,75,130
"107",9330100.01,3452,3576,3.6,0.97,3575,1705,105,85,90,100,115,105,160,150,170,130,125,80,60,60,45,40,30,50,1875,90,90,75,85,110,125,170,160,155,135,115,75,65,60,50,70,100,135
"108",9330100.02,6490,6876,5.9,2.92,6880,3405,215,170,130,155,225,325,325,365,350,285,250,140,150,110,75,65,40,20,3475,180,175,145,165,260,305,355,380,310,295,260,165,140,95,85,75,65,30
"109",9330101.01,7056,8167,15.7,0.65,8165,3850,125,95,100,155,310,410,505,435,370,330,250,205,135,120,100,115,55,45,4315,140,90,75,160,345,470,495,385,365,315,295,215,205,170,175,180,130,115
"110",9330101.02,6394,6990,9.3,1.08,6990,3255,165,150,140,165,200,260,380,360,295,270,200,160,130,115,120,85,35,30,3735,175,135,95,130,230,315,390,405,330,290,280,220,175,150,115,125,95,75
"111",9330102,4805,4944,2.9,2.76,4945,2350,160,175,170,200,155,105,160,235,235,200,180,115,65,60,60,30,25,20,2595,140,170,200,190,145,105,190,275,265,250,195,115,85,75,75,50,40,30
"112",9330103,6362,6778,6.5,1.35,6775,3085,180,140,135,185,195,220,290,330,310,235,190,160,130,100,105,85,50,45,3685,170,140,140,165,200,295,335,330,355,255,245,175,165,150,170,175,125,95
"113",9330104,7237,7311,1,2.37,7315,3580,215,250,230,280,235,225,255,320,330,355,250,180,110,115,105,65,45,15,3730,195,235,265,270,225,210,270,355,405,330,260,160,135,145,105,85,55,25
"114",9330110.01,7411,7442,0.4,40.29,7440,3660,230,310,340,285,210,130,175,240,410,400,315,225,150,105,70,40,30,5,3780,235,305,295,255,170,125,210,370,455,405,285,230,140,110,70,55,40,25
"115",9330110.02,2725,2790,2.4,2.23,2790,1400,60,120,130,100,75,50,55,100,130,125,120,95,65,55,55,40,20,5,1390,65,100,110,100,65,70,50,115,130,135,125,105,65,50,55,30,20,5
"116",9330111.01,5003,5902,18,4.23,5900,2780,175,200,205,230,180,170,215,240,280,230,180,130,85,90,65,45,30,25,3125,170,185,220,240,190,185,250,295,285,245,205,150,125,95,70,70,40,100
"117",9330111.02,7550,7433,-1.5,32.17,7435,3665,180,255,310,335,210,155,155,215,320,340,295,290,185,155,130,75,40,15,3770,180,235,265,265,210,165,185,270,390,335,335,270,200,155,130,90,55,30
"118",9330111.03,3924,3967,1.1,24.21,3970,1970,135,150,140,135,130,125,160,195,215,170,120,110,70,45,30,20,15,0,2000,140,130,120,120,115,140,200,205,220,160,135,105,75,40,45,25,15,10
"119",9330112,2592,2603,0.4,1.05,2605,1265,90,90,75,70,45,55,95,130,120,80,110,75,65,60,60,35,20,10,1335,70,70,75,65,60,65,105,130,115,95,105,85,75,65,55,50,25,20
"120",9330113,6898,7045,2.1,2.95,7045,3285,175,250,235,260,205,145,175,275,310,275,225,195,135,130,105,90,55,40,3765,170,255,275,260,185,140,230,310,350,285,245,210,150,160,140,135,110,160
"121",9330114,8002,8181,2.2,3.7,8185,4050,260,350,335,330,215,190,220,360,420,360,315,230,180,105,85,40,25,15,4130,225,310,300,345,270,205,270,400,435,350,315,235,155,115,80,55,35,25
"122",9330115,4921,5173,5.1,4.92,5175,2530,140,180,175,230,190,145,155,185,250,225,185,145,100,80,60,45,25,20,2640,130,160,190,195,155,130,150,240,280,230,200,145,95,90,60,80,40,75
"123",9330116,4816,5240,8.8,15.94,5240,2615,135,175,200,205,175,120,130,175,255,205,240,190,130,100,85,50,25,15,2625,120,170,190,175,175,120,160,195,280,235,230,195,100,100,80,50,35,20
"124",9330117,5716,5819,1.8,2.45,5820,2830,150,190,180,210,160,115,150,205,245,215,230,215,160,135,110,90,40,20,2990,145,170,200,210,170,105,160,225,275,265,255,180,195,130,125,100,50,35
"125",9330118,7012,7373,5.1,3.53,7375,3530,205,230,190,220,205,175,260,340,315,310,285,215,130,130,100,90,75,50,3845,165,205,205,210,160,230,280,330,390,315,270,230,185,145,145,155,125,90
"126",9330119,2055,2118,3.1,1.3,2115,1000,60,70,70,80,45,35,50,70,80,100,95,55,50,35,45,35,30,10,1115,60,70,60,75,50,35,55,90,105,90,90,65,45,50,55,50,45,15
"127",9330120,3801,3870,1.8,2.25,3870,1830,80,110,145,180,120,50,50,95,155,195,160,110,90,85,85,60,40,15,2045,70,110,175,200,125,50,65,125,205,215,170,115,85,95,110,65,40,25
"128",9330121,4331,4403,1.7,1.84,4400,2165,135,170,185,185,110,70,80,140,185,195,185,155,80,80,85,70,40,15,2235,115,135,170,205,105,65,105,165,240,220,165,120,85,85,90,95,60,30
"129",9330122,4156,4208,1.3,19.17,4205,2070,85,130,185,200,135,65,95,110,155,190,210,160,105,85,65,55,20,5,2140,80,140,170,180,130,75,90,145,185,225,225,145,95,90,75,45,25,15
"130",9330130.01,4575,4727,3.3,0.87,4730,1900,35,50,75,100,65,70,65,75,110,125,170,145,140,130,130,175,120,125,2830,40,50,70,115,85,80,95,125,160,205,205,185,150,165,245,315,265,270
"131",9330130.02,6305,6626,5.1,3.16,6625,2875,80,95,135,225,135,145,185,195,205,240,225,165,160,145,145,140,130,120,3755,90,105,130,205,160,165,180,220,295,235,245,205,210,195,250,290,270,305
"132",9330131,6929,6924,-0.1,3.36,6925,3195,140,205,275,280,170,100,90,150,225,305,300,240,160,145,140,125,70,65,3725,135,230,265,260,175,105,125,190,305,365,330,220,155,150,170,180,150,220
"133",9330132,3841,3728,-2.9,3.27,3730,1795,65,135,155,135,90,40,50,70,125,160,175,155,125,95,105,65,40,25,1935,80,100,165,140,85,65,75,115,155,170,190,160,105,95,95,70,40,20
"134",9330133.01,3666,3653,-0.4,3.78,3655,1820,80,125,125,125,90,50,65,95,125,175,185,155,130,105,95,60,35,10,1835,65,90,130,100,95,45,70,140,160,175,190,185,115,95,75,50,40,15
"135",9330133.02,5521,5717,3.6,36.69,5715,2795,120,185,255,185,150,75,80,120,190,245,275,280,200,160,160,70,45,10,2920,110,200,250,205,135,85,100,170,265,275,300,255,195,140,125,55,30,25
"136",9330134,6563,6878,4.8,15.26,6880,3315,100,130,270,310,255,130,100,130,210,285,315,265,205,180,155,145,80,45,3560,110,165,240,275,250,145,125,175,270,320,330,275,210,170,195,130,90,75
"137",9330135,5623,5398,-4,22.43,5395,2630,90,155,200,245,190,105,90,125,165,215,225,215,165,130,135,110,50,30,2765,85,125,180,245,185,105,115,160,225,265,270,185,155,120,135,115,65,30
"138",9330140.02,4610,5526,19.9,15.85,5525,2660,130,165,180,250,185,135,135,180,230,255,265,185,125,75,50,50,35,20,2865,125,145,175,220,190,140,180,235,275,320,275,165,100,90,80,70,50,25
"139",9330140.03,4047,4148,2.5,42.4,4150,2085,120,170,180,185,125,95,145,180,205,165,130,115,75,75,45,40,15,10,2065,120,165,165,155,145,110,155,190,180,165,145,100,65,50,55,50,25,15
"140",9330140.04,3466,4146,19.6,2.49,4145,2100,180,180,135,130,120,125,195,240,205,170,150,60,70,65,45,15,10,5,2045,170,165,135,115,105,120,230,240,225,150,125,65,65,60,45,15,10,5
"141",9330141,7442,7942,6.7,2.37,7940,3775,200,285,280,295,195,175,230,310,335,400,315,225,145,120,95,75,70,25,4170,220,265,285,275,215,180,240,355,425,390,345,235,160,145,160,135,80,45
"142",9330142.01,6281,6255,-0.4,1.48,6250,3045,145,190,255,325,215,145,145,185,280,320,300,170,145,90,60,55,30,10,3210,140,175,260,265,225,140,175,235,345,345,305,185,125,100,80,65,30,20
"143",9330142.02,4775,4859,1.8,1.46,4855,2365,120,145,170,185,175,115,115,180,215,265,225,120,80,85,70,50,30,10,2495,110,150,175,190,160,115,145,195,240,270,225,130,90,90,90,50,40,15
"144",9330142.03,6250,6369,1.9,1.55,6370,3050,130,205,245,260,250,150,145,225,240,265,260,155,135,115,110,90,45,30,3320,105,190,265,225,205,130,165,260,290,310,250,185,130,130,120,130,120,110
"145",9330143.01,5645,5595,-0.9,1.32,5595,2760,100,150,230,320,265,115,130,135,215,305,310,185,90,75,45,55,25,10,2835,105,130,205,290,250,125,145,180,285,360,285,140,95,65,60,55,25,25
"146",9330143.02,4460,4518,1.3,1.29,4515,2145,100,120,135,215,175,140,105,135,140,160,200,125,105,80,65,60,45,35,2375,80,105,135,165,200,115,140,145,155,200,195,155,105,100,95,105,75,105
"147",9330143.03,4526,4616,2,1.34,4615,2250,95,115,170,230,185,125,115,135,170,210,200,145,95,85,75,45,35,20,2370,85,110,160,195,200,115,120,150,225,225,215,145,95,80,90,75,50,35
"148",9330143.04,5414,5609,3.6,1.3,5610,2715,110,135,235,280,270,110,90,135,210,280,315,160,110,85,75,50,35,20,2890,90,140,210,255,240,130,115,205,275,355,300,150,120,80,85,70,35,35
"149",9330144.03,2176,2276,4.6,0.7,2275,1125,65,75,85,90,90,65,70,80,85,90,100,80,55,30,35,15,5,0,1150,50,65,65,95,100,85,70,95,105,90,105,75,50,30,30,20,15,5
"150",9330144.04,5531,5659,2.3,1.31,5660,2745,125,165,190,240,215,160,180,210,210,225,195,185,115,95,85,60,50,35,2915,120,135,175,200,195,165,160,220,250,255,260,170,130,115,90,100,75,90
"151",9330144.05,2321,2279,-1.8,0.66,2280,1105,45,60,55,75,105,85,55,70,85,70,115,80,60,60,30,25,15,10,1175,35,40,70,75,110,70,60,75,80,100,115,90,60,50,45,50,25,15
"152",9330144.06,5199,5247,0.9,1.33,5245,2545,130,185,200,205,200,170,160,190,205,215,190,145,115,100,60,45,25,5,2700,135,160,195,215,230,160,170,220,245,235,215,150,115,95,75,40,25,15
"153",9330145,7240,7727,6.7,2.71,7730,3770,170,210,255,375,380,190,200,215,285,345,355,200,150,165,110,75,60,30,3955,135,175,240,355,325,210,245,270,380,400,365,215,175,135,130,115,65,35
"154",9330146,6117,6272,2.5,4.76,6270,3135,185,215,220,220,240,215,250,275,265,240,220,190,145,110,65,45,20,5,3140,190,220,180,200,225,185,265,305,270,240,240,180,140,125,75,45,35,20
"155",9330147.01,2252,2273,0.9,2.71,2270,1135,40,60,65,85,125,65,75,85,80,90,105,85,60,40,30,15,10,10,1140,40,55,75,85,100,80,75,75,95,90,120,80,50,40,25,20,25,15
"156",9330147.02,7445,9683,30.1,1.06,9685,4520,270,230,185,245,330,335,410,485,495,345,320,180,145,140,150,115,95,45,5155,265,240,195,195,395,425,540,565,455,365,305,210,205,220,205,175,120,75
"157",9330147.04,4392,4814,9.6,0.31,4815,2190,115,125,110,150,145,140,180,215,210,185,160,95,70,85,95,60,35,15,2625,105,115,110,130,130,165,225,295,265,225,185,130,130,110,120,90,65,30
"158",9330147.05,3131,3708,18.4,0.33,3705,1775,90,115,100,140,125,95,145,175,180,160,140,75,55,45,50,40,25,10,1940,90,110,85,105,110,135,180,250,195,165,145,80,85,55,60,45,15,15
"159",9330147.06,6780,7576,11.7,0.66,7575,3390,195,165,150,185,175,235,315,365,330,275,220,145,115,145,120,110,80,80,4180,175,175,135,190,230,270,330,375,375,340,270,205,180,175,185,200,190,160
"160",9330148,4640,5955,28.3,2.85,5960,2705,125,140,140,170,180,150,205,250,225,205,165,115,110,120,125,120,90,65,3255,105,165,135,160,195,185,225,275,245,210,200,135,150,160,160,200,165,185
"161",9330149.02,4881,4863,-0.4,1.49,4860,2410,120,160,190,200,235,130,135,160,215,235,200,150,95,80,55,25,15,10,2455,95,150,140,205,185,120,160,225,225,240,220,140,120,60,55,55,30,20
"162",9330149.03,4560,7350,61.2,2.6,7350,3565,240,245,250,255,240,185,235,290,325,320,295,200,160,135,95,65,25,10,3785,180,225,250,275,245,215,315,335,385,360,310,205,150,120,95,65,30,20
"163",9330149.04,6186,7529,21.7,1.62,7525,3605,180,235,270,280,270,220,235,285,325,315,295,220,135,115,90,80,40,20,3925,170,200,255,275,250,255,310,345,420,365,330,200,160,115,95,85,60,45
"164",9330149.05,1871,2121,13.4,0.64,2120,1050,35,55,70,100,130,70,55,70,75,100,110,55,40,25,25,20,10,5,1070,40,40,50,105,95,75,70,85,95,130,95,45,20,30,30,35,25,10
"165",9330150,706,736,4.2,17.6,735,355,20,35,25,20,5,20,25,35,65,30,20,15,10,15,10,5,5,10,380,30,25,25,20,15,15,30,55,40,35,20,10,15,10,5,10,5,5
"166",9330151.01,6977,7666,9.9,6.23,7670,3820,170,215,260,295,305,310,275,335,320,330,310,165,160,145,120,65,35,15,3845,190,215,205,240,280,295,345,345,345,375,290,165,145,155,110,75,40,25
"167",9330151.03,2152,2361,9.7,3.05,2360,1165,65,80,95,80,95,85,65,90,110,100,105,45,45,45,25,25,10,5,1195,65,70,90,85,100,80,80,120,95,100,75,60,45,35,30,25,15,10
"168",9330151.04,7394,8667,17.2,3.22,8665,4230,265,305,290,330,325,280,305,390,395,335,300,180,175,155,95,45,35,25,4435,270,275,295,320,300,320,355,410,400,375,260,205,190,135,105,85,60,60
"169",9330160.01,4886,4661,-4.6,2.2,4660,2320,95,155,160,225,145,75,60,130,185,205,220,190,170,105,95,60,35,20,2340,90,150,185,190,100,70,80,165,205,235,255,180,135,95,80,60,40,35
"170",9330160.02,6712,6963,3.7,6.59,6965,3330,160,190,210,215,160,115,170,205,285,295,280,280,210,140,150,120,90,55,3640,165,200,220,215,140,145,190,250,320,320,305,265,200,175,150,185,105,70
"171",9330160.03,5888,5917,0.5,2.75,5920,2850,150,205,230,245,155,75,105,180,235,220,220,195,165,120,140,90,65,55,3065,130,180,230,215,135,70,130,205,260,240,230,215,150,135,140,145,130,140
"172",9330160.04,3382,3543,4.8,2.3,3545,1705,85,105,105,95,105,90,100,115,125,145,175,100,100,60,60,65,35,35,1835,80,90,95,115,85,80,115,125,155,145,140,125,115,80,90,80,55,50
"173",9330161.01,3430,3790,10.5,145.51,3785,1890,80,105,105,120,100,80,75,115,150,160,175,155,125,95,100,80,40,25,1895,80,100,100,115,100,75,100,130,135,155,155,160,110,100,90,80,60,60
"174",9330161.02,5573,5451,-2.2,1.75,5450,2650,175,195,195,180,135,130,185,240,215,240,205,170,125,85,75,55,35,10,2795,145,175,190,205,135,155,175,275,245,230,220,165,120,90,95,75,55,55
"175",9330161.03,6340,6699,5.7,2.33,6695,3195,185,275,270,245,175,150,195,265,300,250,200,195,135,115,80,70,60,30,3500,220,265,245,230,160,160,195,310,340,280,255,200,135,145,100,110,75,75
"176",9330161.05,5682,5583,-1.7,1.62,5585,2755,170,255,265,200,140,125,160,250,255,250,185,145,115,85,65,50,35,10,2830,175,240,225,170,130,135,210,280,300,220,200,150,105,80,75,55,45,30
"177",9330161.06,2791,2714,-2.8,0.94,2710,1305,85,95,100,100,80,40,55,95,120,110,120,105,60,45,30,40,20,10,1410,80,80,100,70,75,60,80,105,150,120,130,85,55,45,45,60,35,25
"178",9330162.01,5860,5937,1.3,2.13,5935,2950,155,220,260,320,230,140,130,180,255,300,310,165,110,60,40,30,20,20,2990,145,205,220,280,225,145,145,240,295,310,295,140,110,65,40,45,30,50
"179",9330162.02,6430,6489,0.9,2.05,6490,3215,170,205,280,300,250,185,175,240,270,250,335,215,135,95,60,40,15,10,3270,205,235,270,290,250,190,190,255,265,280,290,220,110,85,55,35,25,20
"180",9330162.03,6405,6787,6,1.64,6790,3315,245,270,250,250,210,240,265,295,265,230,210,175,135,105,70,60,35,10,3475,270,275,245,255,265,250,255,280,265,235,215,180,130,100,95,70,50,35
"181",9330162.04,6284,6168,-1.8,4.92,6170,3055,105,185,315,340,255,120,75,155,260,350,340,220,140,80,60,40,20,5,3105,115,185,285,330,235,105,100,190,350,370,330,185,110,75,65,45,20,15
"182",9330163.01,3729,3833,2.8,1.67,3835,1915,135,125,140,185,160,110,115,145,175,160,165,120,75,45,35,15,15,5,1920,130,155,125,145,130,115,135,170,180,180,165,110,60,45,30,20,10,5
"183",9330163.04,5440,5410,-0.6,2.72,5410,2740,175,215,195,230,175,160,175,235,250,200,225,185,120,75,45,40,20,15,2675,165,225,205,185,140,130,200,215,275,230,225,155,90,80,65,40,25,25
"184",9330163.05,5111,5059,-1,1.64,5060,2555,170,205,205,200,185,175,165,225,230,185,160,130,110,80,50,45,15,20,2500,165,175,195,185,165,170,195,225,200,180,165,120,100,80,65,40,45,25
"185",9330163.06,3714,4040,8.8,0.99,4040,1995,155,160,160,150,170,115,150,165,180,130,150,105,60,60,30,25,15,5,2045,145,170,155,155,125,165,165,170,165,150,155,80,75,50,50,40,15,15
"186",9330163.07,4270,4541,6.3,1.32,4540,2260,145,180,165,205,155,135,175,180,180,160,155,140,95,80,40,35,30,10,2280,135,180,180,165,140,125,170,190,205,170,160,120,90,80,40,60,30,30
"187",9330163.08,4003,3844,-4,1.26,3845,1935,140,170,155,150,125,105,155,205,180,145,105,80,65,50,55,35,10,5,1905,130,170,150,120,110,125,170,170,180,135,115,70,75,75,50,40,15,15
"188",9330170.03,3194,3240,1.4,0.48,3245,1305,25,20,10,15,45,60,80,80,70,85,85,85,75,70,120,165,140,85,1940,25,15,15,20,45,60,75,55,85,95,115,130,115,160,195,255,255,205
"189",9330170.04,4858,5245,8,2.25,5245,2425,95,95,100,135,115,145,150,160,165,230,210,205,165,115,120,85,65,70,2820,105,120,120,130,120,150,135,185,215,220,250,200,170,125,135,100,140,215
"190",9330170.05,2381,2269,-4.7,0.32,2270,900,15,10,0,10,30,55,65,55,40,60,60,80,65,60,95,85,70,50,1370,15,10,10,20,35,45,55,60,60,65,115,95,105,95,145,170,130,135
"191",9330170.06,6777,7496,10.6,2.23,7500,3500,180,180,160,165,195,185,245,255,270,275,300,220,190,155,125,160,120,115,3995,135,170,160,180,170,215,240,275,285,330,340,240,185,180,170,205,190,310
"192",9330180,7147,8199,14.7,50.75,8200,4215,170,250,320,330,275,180,190,280,285,370,410,365,265,205,145,95,45,25,3985,140,250,300,245,255,175,185,250,320,415,465,335,195,170,110,90,60,35
"193",9330181.01,6959,7368,5.9,3.89,7365,3355,110,175,230,275,170,105,105,155,240,260,255,215,165,165,235,250,160,105,4010,115,185,225,260,160,115,150,210,300,355,280,215,200,220,315,345,220,140
"194",9330181.03,5119,5419,5.9,6.38,5420,2600,120,165,250,250,150,80,85,160,215,240,275,205,105,110,70,50,35,20,2825,140,190,235,225,135,90,120,195,260,290,280,165,125,130,85,70,60,35
"195",9330181.04,5249,6993,33.2,6.84,6990,3400,140,190,235,245,170,135,155,190,215,290,300,255,210,205,190,150,95,45,3600,155,175,215,210,160,165,155,195,270,330,345,255,240,195,205,190,95,40
"196",9330181.05,6388,7148,11.9,2.46,7150,3245,175,170,195,190,175,165,195,235,225,220,190,170,145,140,160,170,170,160,3905,180,195,190,160,150,160,225,225,245,255,270,205,155,170,240,290,285,295
"197",9330181.06,4850,5011,3.3,3.75,5015,2405,80,120,135,160,85,65,75,125,190,180,200,165,145,155,160,170,115,90,2600,75,120,135,145,85,70,85,145,185,220,200,145,150,170,175,210,150,140
"198",9330181.07,3509,3597,2.5,1.94,3595,1780,85,135,165,185,85,40,50,90,170,185,170,135,55,70,55,60,35,15,1810,90,120,140,125,85,50,60,130,195,200,170,90,80,60,75,70,35,25
"199",9330181.08,2298,2476,7.7,1.24,2480,1205,60,75,85,95,65,45,55,80,95,105,125,80,70,55,45,40,20,20,1270,55,60,95,80,45,40,65,95,105,150,110,95,65,55,55,40,35,30
"200",9330181.09,5379,6253,16.2,3.9,6250,2925,105,235,275,295,165,45,60,120,240,300,310,185,120,100,115,130,75,45,3325,95,230,285,305,170,75,80,180,330,325,305,165,130,115,130,160,120,120
"201",9330182.01,2514,2846,13.2,50.18,2845,1470,60,85,115,110,100,55,70,105,120,145,120,130,100,55,50,25,15,10,1375,60,75,110,100,90,60,65,110,125,145,125,115,50,55,35,15,20,10
"202",9330182.02,346,307,-11.3,2.62,310,170,5,20,15,20,5,5,15,20,15,15,10,5,5,5,5,0,0,0,135,5,10,10,10,10,5,5,10,20,10,10,5,0,5,5,5,0,0
"203",9330182.03,2435,3432,40.9,8.22,3430,1720,95,135,155,190,145,85,70,105,155,160,145,100,65,50,40,20,10,5,1710,85,130,165,165,130,70,100,140,175,165,130,85,55,40,30,25,15,10
"204",9330182.04,1407,1477,5,2.28,1475,745,30,75,65,90,40,30,20,50,85,80,65,45,25,20,15,10,5,0,730,35,45,85,70,50,20,25,55,100,85,60,30,20,20,15,5,5,0
"205",9330182.05,1468,2794,90.3,19.27,2795,1435,95,100,110,110,110,80,95,100,110,115,110,80,65,55,55,25,10,5,1360,75,100,85,90,80,80,95,115,105,120,115,75,75,60,45,20,10,15
"206",9330182.06,1249,1203,-3.7,9.81,1205,640,25,45,55,40,40,40,40,60,55,50,45,40,40,20,20,10,10,0,565,30,45,55,35,30,25,35,40,65,40,50,30,20,25,10,10,5,5
"207",9330183.01,5105,5959,16.7,2.72,5955,2975,205,290,310,245,160,150,185,300,340,230,170,130,90,40,55,30,20,15,2985,230,260,250,245,150,145,255,310,320,255,165,120,65,65,65,30,35,20
"208",9330183.03,5745,5853,1.9,2.9,5855,2830,170,215,195,240,180,150,200,240,270,235,175,145,85,85,80,80,50,40,3030,160,195,215,205,175,165,200,235,270,235,170,150,95,110,115,115,110,115
"209",9330183.04,1752,1776,1.4,7.23,1775,930,35,50,80,80,75,50,50,70,75,65,70,65,50,40,45,20,5,5,850,35,40,60,70,55,50,50,55,70,80,65,70,45,35,30,20,5,5
"210",9330183.05,1865,5115,174.3,3.53,5120,2505,245,200,170,175,120,165,245,235,235,170,155,110,75,75,60,35,15,10,2610,215,210,170,165,135,200,280,275,215,190,175,105,90,75,55,35,15,5
"211",9330183.06,2210,2400,8.6,1.3,2400,1175,100,100,85,75,80,90,100,115,100,85,70,50,40,30,25,20,10,5,1230,95,95,80,65,65,90,90,150,115,75,80,50,45,35,45,15,10,15
"212",9330183.07,6403,6445,0.7,2.56,6445,3170,175,250,285,280,190,125,140,210,290,315,275,170,130,110,105,75,25,20,3280,160,245,300,255,200,130,195,275,330,305,255,195,130,100,95,75,25,10
"213",9330184.01,3192,5045,58.1,7.94,5045,2670,180,155,150,140,215,235,300,265,225,155,180,155,105,75,55,55,20,10,2370,180,160,140,115,150,220,220,205,180,155,185,160,85,65,60,50,20,15
"214",9330184.02,6439,6832,6.1,2.57,6840,3255,265,275,235,200,165,190,270,315,300,195,195,145,125,105,105,90,50,35,3580,260,270,215,195,195,235,310,325,285,210,215,180,140,125,125,145,90,55
"215",9330184.05,7165,7844,9.5,2.65,7840,3955,280,310,340,350,270,250,265,310,360,315,325,180,130,110,65,45,15,20,3890,235,310,325,300,330,240,295,330,360,320,285,170,135,100,65,40,35,15
"216",9330184.06,1284,1371,6.8,2.67,1370,705,30,55,55,50,40,40,40,60,65,50,40,30,35,45,25,30,5,10,665,25,40,50,55,45,30,40,55,50,50,40,35,40,35,35,15,10,10
"217",9330184.07,4238,4954,16.9,1.32,4955,2270,170,200,185,145,125,135,165,180,180,135,135,110,85,90,90,60,50,35,2685,150,175,170,155,150,145,185,220,180,170,170,130,120,130,120,125,105,85
"218",9330184.08,3225,3508,8.8,1.31,3510,1705,150,185,170,110,105,100,115,190,160,125,80,75,35,40,30,10,5,5,1800,145,180,165,115,110,125,165,220,155,110,95,65,40,45,25,30,10,5
"219",9330184.09,4207,4471,6.3,1.3,4470,2240,170,225,190,185,170,140,160,210,205,170,155,90,65,50,30,15,10,5,2235,165,200,195,180,170,155,180,195,205,175,150,85,60,30,35,35,10,5
"220",9330184.1,2242,3150,40.5,1.34,3150,1575,115,140,140,135,135,110,110,125,105,110,125,65,50,30,35,20,10,10,1570,100,115,135,125,145,130,95,135,125,120,90,65,50,40,35,25,15,5
"221",9330184.11,1444,3281,127.2,2.58,3280,1615,110,135,115,120,135,125,120,160,125,135,110,75,60,35,20,10,5,5,1670,130,110,120,140,140,125,155,120,150,145,105,85,50,35,25,15,15,5
"222",9330185.05,4737,4883,3.1,1.34,4880,2415,230,260,205,190,145,165,200,200,235,180,115,85,65,40,40,25,10,5,2465,230,230,190,175,155,185,220,245,235,160,135,95,65,45,40,30,30,10
"223",9330185.06,4754,7052,48.3,2.66,7050,3440,205,245,280,270,245,210,225,235,240,315,290,230,175,110,90,40,35,20,3610,230,225,245,265,305,235,240,225,320,305,300,205,160,115,105,80,45,20
"224",9330185.07,4943,5548,12.2,2.62,5550,2780,240,245,240,205,180,160,215,215,245,220,185,120,95,90,45,45,20,15,2770,215,255,210,175,160,210,230,250,245,200,165,115,120,70,65,45,25,25
"225",9330185.08,1186,1209,1.9,3.75,1205,610,20,30,45,60,45,15,20,20,60,60,60,55,40,35,25,10,5,0,600,15,30,55,60,30,10,30,35,55,55,65,55,30,25,25,15,10,5
"226",9330185.09,3514,3890,10.7,2.69,3895,1885,155,135,100,100,160,190,215,170,140,115,85,85,75,45,45,25,20,10,2005,175,130,85,95,150,235,205,155,130,130,140,75,75,70,60,45,30,15
"227",9330185.1,4209,4717,12.1,1.29,4715,2360,260,220,205,130,175,200,225,200,185,135,115,90,75,65,45,20,10,5,2360,270,200,155,145,215,225,255,190,150,130,110,90,85,60,45,25,10,0
"228",9330185.11,5844,6585,12.7,1.32,6585,3265,350,290,215,190,240,290,320,320,210,210,185,140,95,85,65,40,15,10,3315,310,295,220,180,255,350,315,310,215,185,185,135,110,85,80,40,25,15
"229",9330185.12,5752,6133,6.6,1.37,6130,3115,275,300,280,270,205,205,230,280,255,255,185,115,90,65,40,30,20,5,3020,225,265,240,245,185,245,265,280,290,220,170,125,95,50,50,40,15,20
"230",9330185.13,3537,6051,71.1,1.33,6050,3010,270,270,225,215,250,275,290,265,215,150,150,140,100,90,55,25,15,10,3035,255,245,200,190,340,325,250,250,180,185,170,130,110,80,45,40,20,20
"231",9330185.14,5686,6891,21.2,1.34,6890,3360,360,285,230,215,240,280,305,285,210,175,155,160,150,120,85,65,25,20,3530,325,280,210,220,295,360,300,235,180,190,175,190,165,125,105,95,60,25
"232",9330185.15,4470,5086,13.8,2.67,5085,2585,260,225,150,175,205,210,240,220,190,150,110,120,115,75,65,35,20,20,2505,210,205,155,160,185,220,225,210,185,130,150,115,120,85,55,50,25,15
"233",9330185.16,3665,4425,20.7,2.65,4425,2245,230,220,170,145,150,180,205,235,190,135,100,100,80,50,40,15,5,5,2180,200,200,165,120,180,195,205,185,180,125,100,95,90,50,55,25,10,5
"234",9330186.01,5626,6015,6.9,1.98,6015,3055,235,230,195,200,220,255,275,280,275,215,190,130,115,80,70,40,20,20,2965,230,200,185,195,250,255,255,240,255,210,165,140,115,80,80,45,35,20
"235",9330186.02,4906,4977,1.4,1.9,4975,2510,175,215,175,155,160,145,190,235,245,190,160,110,90,90,90,45,30,20,2465,145,180,175,165,155,155,185,225,210,145,165,105,80,115,100,80,60,30
"236",9330186.05,5548,5806,4.7,1.25,5810,2870,265,280,240,170,215,210,230,245,230,175,155,110,120,90,45,35,20,15,2940,200,260,190,165,230,245,260,235,200,190,165,160,120,85,80,65,40,35
"237",9330186.06,3021,3469,14.8,1.28,3470,1795,180,190,115,115,145,145,145,155,130,110,100,80,65,40,30,20,15,0,1680,160,135,100,100,115,175,155,140,125,100,90,70,70,55,40,20,15,10
"238",9330186.07,4206,4547,8.1,1.33,4545,2275,225,210,170,155,160,155,205,190,180,155,130,110,85,60,40,25,5,10,2275,160,225,185,155,180,185,180,195,175,155,130,95,90,70,55,20,20,5
"239",9330186.08,4777,5259,10.1,1.31,5260,2585,245,255,195,170,150,160,235,260,220,185,150,130,75,65,50,25,5,10,2675,230,230,215,170,170,225,235,240,230,195,160,130,90,60,45,35,10,10
"240",9330187.03,6006,6468,7.7,2.6,6465,3250,220,275,230,275,245,255,280,285,270,235,235,175,90,75,55,30,15,5,3220,235,265,225,225,250,235,280,305,265,230,240,145,100,80,50,40,25,20
"241",9330187.04,1728,1687,-2.4,1.21,1690,805,60,65,50,60,60,60,60,60,55,35,60,35,30,35,25,25,15,10,885,65,55,45,60,50,65,40,65,55,45,50,45,35,40,30,35,35,70
"242",9330187.05,5774,5893,2.1,1.33,5890,2995,285,305,195,200,245,230,290,280,220,150,150,150,105,85,55,40,15,10,2900,225,260,205,160,250,295,260,215,225,165,165,130,110,80,65,50,35,10
"243",9330187.06,5067,5263,3.9,2.59,5260,2610,145,200,230,275,210,125,175,175,245,225,190,95,95,80,60,40,20,10,2650,160,195,230,220,190,160,175,220,260,235,170,100,90,90,70,65,25,20
"244",9330187.07,722,1558,115.8,0.66,1555,775,60,70,75,70,45,35,40,65,75,95,55,35,20,15,10,5,5,0,785,55,55,80,65,55,30,60,80,80,70,60,30,15,20,15,10,0,0
"245",9330187.08,7238,9534,31.7,3.61,9535,4685,340,335,320,340,315,260,355,360,385,370,325,280,185,180,130,125,50,25,4845,295,285,325,310,315,315,375,385,435,375,390,310,200,155,150,120,60,45
"246",9330187.09,6709,7229,7.8,2.3,7230,3590,255,285,275,270,295,185,275,300,305,285,250,150,140,95,95,85,35,20,3640,210,245,275,300,245,235,280,305,335,275,220,160,135,120,100,110,60,20
"247",9330188.01,1800,3165,75.8,3.09,3165,1610,120,140,130,140,120,75,95,140,170,135,110,85,60,45,25,15,10,5,1555,100,120,140,125,85,90,100,180,140,155,95,60,55,40,25,20,15,10
"248",9330188.02,1605,983,-38.8,0.57,985,485,35,40,35,45,20,20,40,40,60,40,45,15,15,15,15,5,5,0,495,30,55,45,25,20,35,35,55,45,50,25,20,20,10,15,5,0,0
"249",9330188.03,4395,6231,41.8,3.66,6235,3125,190,275,320,340,195,110,125,240,345,330,225,120,95,90,65,35,15,10,3105,145,235,320,325,180,120,170,305,410,290,200,125,100,70,45,30,15,15
"250",9330188.04,2534,2748,8.4,3.82,2745,1375,70,125,115,140,120,75,85,100,115,120,85,85,55,35,25,5,15,5,1370,65,115,115,120,105,85,95,110,120,130,85,70,55,30,20,15,10,10
"251",9330188.05,1988,2254,13.4,6.66,2255,1125,55,90,125,130,75,40,50,75,120,120,80,65,45,30,10,5,5,5,1130,50,90,115,110,65,50,40,110,130,125,80,55,35,20,15,10,5,0
"252",9330188.06,712,942,32.3,3.71,945,480,25,40,35,35,30,20,30,40,45,45,30,40,20,20,10,5,0,5,465,30,40,45,40,25,25,20,40,45,35,25,30,20,15,10,5,5,10
"253",9330189.03,3117,3248,4.2,1.47,3250,1615,110,120,130,105,95,115,130,180,175,110,80,65,70,50,35,35,10,5,1630,115,110,120,115,95,115,140,170,140,120,85,90,60,55,30,40,20,15
"254",9330189.05,6674,6982,4.6,1.3,6985,3240,190,165,150,215,185,215,240,260,285,245,225,170,160,135,160,120,80,45,3745,190,160,180,180,245,230,255,285,290,280,260,205,160,190,200,235,120,90
"255",9330189.06,2656,2913,9.7,2.41,2910,1430,105,120,110,120,95,95,100,140,135,125,90,50,35,35,30,15,10,5,1485,110,125,110,115,110,95,125,155,115,115,85,40,45,40,30,45,15,10
"256",9330189.07,1841,2353,27.8,0.81,2355,1150,80,80,65,85,90,105,110,110,105,65,80,45,40,35,25,25,10,5,1205,80,70,70,75,70,120,100,120,100,105,65,50,40,35,35,30,20,15
"257",9330189.08,5886,6119,4,0.68,6120,2985,315,255,200,195,200,270,300,305,300,195,145,90,85,50,35,20,10,10,3130,260,255,225,190,225,300,370,330,265,190,150,115,70,55,50,40,30,10
"258",9330189.09,3555,4048,13.9,1.3,4050,1990,115,160,145,190,170,125,130,155,175,145,155,110,60,50,50,25,10,10,2060,120,140,150,180,165,140,120,185,190,175,140,90,65,60,65,30,30,15
"259",9330189.1,4307,4833,12.2,1.33,4835,2350,175,205,200,220,180,130,135,195,225,210,170,100,75,50,30,30,5,10,2490,140,205,195,215,175,170,195,240,260,225,170,85,60,60,40,30,15,10
"260",9330190.01,5062,5505,8.8,1.48,5505,2640,175,155,125,130,165,235,255,260,250,180,165,120,105,80,75,70,50,40,2865,165,155,135,130,175,260,240,255,220,180,195,145,110,100,115,100,95,85
"261",9330190.03,4632,4694,1.3,1.93,4690,2405,175,205,195,180,160,170,195,235,245,175,155,80,80,75,25,30,15,10,2290,170,170,150,175,165,165,215,220,205,175,130,100,70,55,50,40,25,15
"262",9330190.04,5901,5894,-0.1,3.07,5895,3035,215,240,220,230,165,150,225,290,290,255,200,145,115,125,80,50,35,15,2860,190,210,185,180,185,190,235,265,285,220,180,140,95,95,90,70,35,25
"263",9330190.05,1638,1682,2.7,0.6,1680,860,70,70,55,85,45,55,80,90,85,55,40,25,30,25,20,15,10,5,820,65,70,60,60,50,65,80,85,60,60,35,30,35,20,25,10,15,5
"264",9330191.02,7020,7477,6.5,2.62,7480,3720,240,230,190,215,285,310,360,380,345,280,200,180,135,135,85,80,50,35,3760,245,215,215,205,305,295,310,345,300,245,210,155,140,105,125,120,110,115
"265",9330191.03,4327,4484,3.6,1.3,4485,2310,180,205,170,140,155,165,170,225,210,175,145,80,85,70,70,40,25,10,2175,140,180,170,165,145,165,155,220,170,150,105,95,85,80,70,50,25,15
"266",9330191.04,4363,4603,5.5,1.31,4605,2280,105,120,95,110,120,170,210,220,190,190,195,130,130,85,80,60,30,35,2325,130,120,90,105,135,155,180,215,150,165,155,135,120,110,90,85,75,110
"267",9330192,4206,4096,-2.6,9.7,4095,2240,140,175,155,105,130,155,230,225,230,200,150,100,70,70,55,30,10,5,1850,130,160,140,105,140,120,175,195,155,135,115,85,55,45,45,20,20,5
"268",9330200,3020,4553,50.8,3.34,4555,2310,170,175,135,145,160,210,260,255,180,150,125,100,95,70,35,25,10,10,2245,180,180,155,125,190,185,250,205,180,125,140,100,80,55,45,30,15,5
"269",9330201,1481,1687,13.9,0.75,1685,855,60,65,35,55,50,80,85,80,70,60,60,45,25,30,20,10,5,10,830,55,60,40,40,65,65,75,65,70,55,60,35,25,35,15,20,15,15
"270",9330202,5605,6047,7.9,1.3,6045,2920,135,80,70,120,170,265,350,280,265,225,230,200,155,120,115,65,50,25,3120,125,90,55,100,195,280,270,280,285,270,290,225,140,145,140,100,70,45
"271",9330203,4068,4313,6,1.11,4315,2175,150,155,145,130,155,105,170,210,230,190,190,90,70,70,50,30,25,20,2145,115,165,140,115,130,115,205,205,205,180,150,95,70,70,60,55,50,25
"272",9330204.01,3866,4304,11.3,0.39,4300,2140,125,80,60,70,160,215,280,265,255,160,145,90,80,60,30,35,10,10,2165,95,75,50,85,195,245,235,265,225,175,155,110,50,60,50,45,35,20
"273",9330204.02,4439,5081,14.5,0.71,5080,2550,150,130,100,105,185,240,295,310,235,225,185,115,75,65,55,30,30,15,2525,140,110,90,120,210,230,255,250,220,195,160,110,80,70,75,90,60,60
"274",9330205,7388,8327,12.7,1.12,8325,3975,135,140,105,170,240,320,400,395,380,375,280,215,150,150,175,155,100,100,4355,140,125,95,135,290,310,315,335,325,290,270,220,195,205,255,315,290,235
"275",9330206,1587,1793,13,0.31,1795,975,25,5,15,25,90,135,130,120,110,95,90,45,35,20,20,15,5,5,820,30,10,10,25,95,125,105,85,60,70,75,40,40,10,20,10,5,5
"276",9330207,2111,2145,1.6,0.34,2140,1115,35,20,20,40,110,125,140,135,130,105,90,45,30,40,35,20,10,5,1030,30,20,20,40,125,140,110,105,85,75,80,60,40,30,25,20,20,10
"277",9330208,5015,5193,3.5,1.68,5190,2445,150,155,165,145,140,125,170,215,240,240,190,115,100,85,85,60,30,40,2745,140,140,175,155,155,145,200,230,225,235,180,130,70,85,100,125,100,145
"278",9330209,6505,6610,1.6,2.01,6610,3060,155,180,175,170,170,145,180,225,265,275,235,220,160,135,120,105,95,55,3545,165,170,155,160,170,150,215,270,305,275,305,220,195,150,175,145,140,195
"279",9330210,4265,4603,7.9,2.34,4605,2240,150,130,100,90,150,135,220,265,230,215,180,110,65,50,60,40,30,20,2365,140,145,120,115,125,165,200,245,220,175,160,110,75,70,80,80,55,85
"280",9330220,1023,1016,-0.7,9.12,1015,505,25,25,30,35,40,35,35,55,55,45,40,25,15,15,15,5,5,0,510,20,20,45,45,25,50,35,40,50,45,45,20,20,20,10,5,5,5
"281",9330221.01,1648,1656,0.5,1.21,1655,850,40,55,85,65,45,30,50,60,85,75,65,50,30,30,25,20,15,15,805,35,35,60,45,55,35,55,55,75,85,55,50,30,25,40,40,25,10
"282",9330221.03,3099,3003,-3.1,1.28,3000,1495,80,80,85,105,105,75,60,135,125,115,140,100,70,60,65,45,30,25,1505,65,95,105,95,110,80,95,95,125,145,110,100,65,65,70,55,35,15
"283",9330221.04,4482,4992,11.4,1.31,4985,2450,105,140,150,185,250,190,175,170,185,180,170,145,95,80,75,65,50,35,2535,115,110,130,175,205,165,155,165,190,225,185,120,85,90,90,95,85,160
"284",9330222,7389,8689,17.6,2.91,8685,4125,215,225,250,300,255,260,345,390,390,370,355,205,140,135,130,85,40,25,4565,190,230,250,320,325,290,385,420,445,430,345,220,175,155,160,115,75,40
"285",9330223.01,4551,5201,14.3,1.43,5205,2515,195,225,185,190,190,185,255,250,235,175,125,85,75,60,45,25,10,5,2690,165,210,190,175,180,230,300,285,240,200,140,105,80,55,45,45,25,20
"286",9330223.02,3936,4580,16.4,0.76,4580,2305,165,175,160,170,210,190,225,210,210,155,135,75,75,50,45,20,10,5,2275,185,170,155,155,190,185,230,205,205,150,125,100,60,50,50,35,15,15
"287",9330224.01,3796,3907,2.9,0.48,3910,1910,105,80,65,75,130,180,210,215,185,150,120,95,90,80,55,45,20,20,2000,95,70,65,75,120,200,205,200,140,125,135,105,65,90,90,90,60,70
"288",9330224.02,3724,4058,9,0.69,4055,1850,100,135,85,110,120,110,145,170,120,125,95,75,100,85,95,70,60,60,2205,100,90,85,90,115,140,145,125,135,125,105,85,120,100,95,135,145,270
"289",9330225,7088,9163,29.3,2.89,9160,4525,250,255,250,305,365,395,475,440,340,340,300,205,170,145,135,90,50,35,4635,255,200,255,275,385,420,470,435,375,340,310,210,170,135,170,125,65,45
"290",9330226.01,6639,8162,22.9,1,8165,3845,180,170,160,195,325,365,395,430,300,270,210,130,135,145,160,135,95,55,4315,185,145,140,195,310,385,500,400,320,260,245,180,185,185,190,210,165,125
"291",9330226.02,3463,3732,7.8,1.31,3730,1900,90,100,120,150,170,145,155,185,120,125,120,100,90,95,70,45,15,15,1830,75,75,105,115,150,120,155,140,140,165,125,115,85,85,50,60,30,20
"292",9330227.01,3476,4074,17.2,0.27,4075,1980,135,110,85,95,175,230,290,275,170,140,90,45,40,35,20,15,15,5,2095,130,125,90,100,175,275,285,265,165,135,80,55,50,35,40,40,35,25
"293",9330227.02,4599,4923,7,1.11,4925,2250,100,55,55,70,125,180,275,220,205,140,175,105,105,110,115,110,75,40,2670,85,70,50,70,150,215,255,215,220,195,150,140,135,170,150,170,135,90
"294",9330228.02,3283,3461,5.4,0.99,3465,1750,85,105,130,120,150,110,110,140,150,145,100,115,70,55,70,55,25,15,1715,95,110,100,95,110,125,115,135,160,145,130,85,70,65,75,60,25,10
"295",9330228.03,3522,4190,19,0.34,4190,2025,100,80,55,95,190,235,285,210,150,145,105,75,60,70,55,60,35,20,2165,95,65,55,95,230,220,270,210,155,140,120,75,90,70,85,75,75,30
"296",9330228.04,4285,4803,12.1,0.71,4805,2170,110,85,100,110,140,180,205,220,175,155,125,100,85,85,90,70,65,60,2630,105,95,90,110,170,175,170,240,190,180,150,150,110,115,120,160,140,170
"297",9330229,6442,6678,3.7,3.09,6680,3155,160,160,150,235,230,225,225,245,255,230,210,160,140,150,125,130,70,55,3530,135,165,160,220,190,230,225,260,290,245,225,175,165,170,170,160,125,220
"298",9330230.01,5054,5358,6,4.22,5355,2580,105,135,180,210,240,135,130,170,230,230,230,185,135,100,85,45,20,10,2775,105,135,185,230,170,150,145,220,270,270,275,180,155,100,75,70,25,15
"299",9330230.02,3882,3874,-0.2,3.95,3875,1930,95,75,100,140,180,175,140,125,130,140,135,120,115,95,70,40,30,20,1945,60,110,105,135,165,145,140,125,165,145,140,105,80,65,70,45,65,75
"300",9330231,3732,4008,7.4,1.98,4010,2015,80,105,145,195,195,125,125,135,155,175,160,110,85,100,70,30,25,10,1990,85,100,140,165,155,110,125,160,175,170,170,115,95,70,60,45,30,15
"301",9330232,2987,3280,9.8,2.89,3280,1660,75,100,120,135,155,125,125,125,115,125,125,95,80,55,40,30,15,10,1620,85,75,95,115,145,125,140,115,110,145,135,85,95,50,40,25,20,15
"302",9330233,6094,6755,10.8,1.52,6760,3330,255,225,235,240,255,265,270,290,240,260,215,140,105,125,80,80,30,30,3430,210,210,200,230,260,295,300,290,270,250,205,145,130,130,95,85,50,85
"303",9330234,5474,6582,20.2,4.53,6580,3330,210,230,240,260,210,175,210,265,265,270,230,130,95,90,100,135,120,95,3250,210,230,225,270,210,185,270,285,315,275,230,125,90,105,90,65,40,35
"304",9330235.02,4206,4235,0.7,1.44,4235,2065,145,160,150,145,145,105,155,215,210,195,135,85,65,55,50,25,10,10,2170,125,135,165,155,125,120,185,220,230,215,155,105,70,55,55,25,25,10
"305",9330235.03,2741,2807,2.4,0.41,2805,1395,40,25,20,30,100,130,140,155,120,120,90,85,80,80,60,45,40,25,1415,25,30,20,25,110,125,115,100,90,80,120,80,90,65,115,90,65,60
"306",9330235.04,5619,5965,6.2,1.04,5965,2895,155,140,110,150,300,310,345,305,225,235,155,110,110,85,65,55,25,15,3070,145,150,110,150,290,305,305,310,240,205,200,160,120,100,105,80,55,35
"307",9330236,3803,3703,-2.6,4,3705,1820,80,90,125,190,155,100,90,100,130,160,190,95,115,80,50,30,15,10,1885,75,95,145,170,140,100,90,115,170,200,175,110,90,85,50,35,25,20
"308",9330237,7418,7600,2.5,2.58,7600,3775,160,225,250,305,295,250,265,275,335,350,295,185,165,165,100,80,45,35,3825,155,190,245,280,275,225,260,335,380,345,275,185,165,130,145,120,70,50
"309",9330238.01,2736,2896,5.8,1.25,2895,1450,60,80,120,120,125,75,105,90,120,105,110,75,70,75,65,35,20,5,1445,60,65,90,120,105,75,95,100,140,115,115,75,85,65,55,40,25,15
"310",9330238.02,6943,6986,0.6,2.34,6990,3500,125,190,235,340,325,270,200,215,255,290,290,190,145,150,120,85,45,25,3490,110,150,210,290,330,245,185,245,325,330,260,135,140,165,130,110,70,80
"311",9330239,7454,7810,4.8,2.37,7815,3875,180,200,200,275,310,340,340,370,315,300,240,165,150,160,140,100,60,35,3940,195,210,185,215,300,315,315,340,345,300,255,180,170,210,160,130,65,45
"312",9330240.01,3123,3793,21.5,2.2,3790,1815,90,90,75,115,150,165,175,170,145,135,120,85,85,50,55,50,25,30,1980,100,80,75,100,145,205,195,160,140,135,145,85,60,65,60,85,75,70
"313",9330240.02,5198,5082,-2.2,0.9,5080,2550,135,165,125,145,185,195,235,230,220,180,175,120,115,135,85,75,25,15,2525,115,115,120,135,175,200,215,210,210,165,195,135,150,115,85,80,55,45
"314",9330241,6997,7483,6.9,1.88,7480,3610,190,160,195,225,275,270,285,330,315,310,290,190,125,125,130,85,55,50,3875,195,170,200,205,280,305,330,335,300,310,310,155,145,120,125,150,115,145
"315",9330242,7009,6870,-2,4.45,6870,3445,120,150,195,215,265,290,235,275,320,295,280,215,180,145,120,90,40,15,3425,135,160,195,190,240,250,215,290,325,270,275,210,190,140,135,90,65,45
"316",9330243.01,5883,6129,4.2,1.71,6130,3050,120,170,215,270,325,240,185,215,225,260,230,135,135,115,90,60,30,20,3080,95,140,210,260,325,195,185,240,300,260,245,150,130,120,85,65,40,35
"317",9330243.02,6411,6450,0.6,13.51,6450,3115,200,245,285,290,290,200,230,265,295,260,220,140,80,55,40,20,10,5,3335,175,240,260,270,290,220,275,340,360,310,240,125,80,45,45,30,10,15
"318",9330250.01,2738,2957,8,49.94,2955,1445,80,115,135,110,35,25,55,120,165,155,150,105,50,45,45,30,15,5,1510,75,120,140,90,40,30,85,130,195,160,130,100,60,40,55,35,10,20
"319",9330250.02,3170,3514,10.9,834.19,3510,1740,90,120,130,120,65,70,85,150,165,185,165,140,105,70,40,30,5,5,1775,105,125,135,110,75,60,125,175,180,170,170,130,85,55,35,20,15,5
"320",9330251,168,155,-7.7,6.19,155,85,5,10,10,5,10,5,0,10,10,5,5,5,0,5,5,0,0,0,70,5,5,5,5,5,5,5,5,5,5,5,5,0,5,5,5,0,0
"321",9330260.02,3807,4308,13.2,14.46,4305,2150,120,125,130,145,150,165,170,225,200,200,145,125,75,60,40,35,15,15,2160,125,125,135,135,150,195,215,215,200,185,130,100,90,50,40,40,20,10
"322",9330260.04,3622,3758,3.8,1.15,3760,1870,135,145,155,155,110,105,135,180,175,155,150,95,65,40,25,25,5,5,1885,110,150,145,155,125,90,150,190,200,160,130,110,65,45,20,25,10,10
"323",9330260.05,3924,3966,1.1,3.06,3970,1990,145,180,160,115,95,75,165,215,205,195,110,75,80,70,45,30,10,5,1975,140,175,130,115,80,75,165,235,220,165,120,105,75,60,55,35,15,10
"324",9330260.06,3168,3882,22.5,2.42,3880,1900,110,150,120,140,90,90,95,170,195,175,190,140,95,65,40,30,10,10,1980,100,130,110,140,115,95,130,195,195,205,195,130,90,50,40,30,15,15
"325",9330260.07,3194,3913,22.5,1.08,3915,1875,160,155,170,140,90,110,205,215,180,130,115,65,40,35,20,15,10,10,2040,140,150,140,130,90,150,235,205,230,180,130,75,35,30,30,25,30,40
"326",9330260.08,3132,3989,27.4,3.47,3990,1950,130,185,165,140,95,105,120,170,215,195,165,100,75,30,20,15,10,5,2040,130,145,155,170,120,110,170,210,255,185,140,100,65,35,20,20,5,0
"327",9330280,3975,4021,1.2,4.33,4025,2070,70,90,140,145,150,130,100,120,220,235,190,170,90,90,50,45,25,10,1955,60,110,130,165,135,85,90,140,205,230,195,130,95,55,50,45,30,20
"328",9330281.01,6127,6417,4.7,2.11,6415,3215,160,210,245,255,275,205,200,220,260,345,260,225,145,90,65,30,10,10,3200,150,180,235,280,255,200,210,225,340,305,300,170,125,85,55,40,25,20
"329",9330281.02,5931,6000,1.2,2.6,6000,3025,155,185,210,220,210,210,215,305,225,260,220,140,145,120,90,60,25,15,2975,150,175,200,190,195,195,245,275,280,245,200,150,155,105,95,75,30,20
"330",9330282,6942,7822,12.7,2.76,7820,3820,255,265,255,240,220,305,340,395,370,320,225,135,150,115,100,45,50,40,4005,230,250,240,220,235,310,395,380,385,290,225,170,150,115,105,85,110,110
"331",9330283,6022,6166,2.4,2.2,6165,2995,195,180,140,190,235,240,305,305,250,210,210,130,110,95,80,50,40,40,3165,160,150,155,185,255,265,305,275,230,220,190,140,130,90,105,105,105,110
"332",9330284.01,6489,6744,3.9,2.13,6745,3370,190,230,230,270,320,235,210,290,295,270,220,170,110,110,100,70,35,15,3375,165,195,165,245,280,270,250,275,290,275,230,165,125,135,125,85,55,40
"333",9330284.02,6005,5938,-1.1,2.1,5935,2980,160,175,190,200,255,185,235,260,270,260,220,160,110,110,85,50,35,15,2960,140,160,165,200,215,190,230,250,290,250,230,160,135,110,100,75,40,25
"334",9330285.01,3067,3202,4.4,0.64,3200,1595,70,90,75,100,100,140,170,190,175,145,100,75,55,35,30,25,15,10,1605,75,75,70,80,120,145,170,155,145,115,100,80,60,60,50,45,35,15
"335",9330285.02,5489,5522,0.6,2.22,5525,2785,155,170,235,235,210,160,155,220,230,225,210,170,125,110,80,55,25,15,2745,130,170,195,215,170,135,165,205,270,235,200,155,130,100,105,65,55,50
"336",9330286.01,5755,5815,1,4.05,5815,2895,150,190,225,250,215,160,165,205,255,265,235,165,150,110,75,45,30,10,2925,145,175,205,255,210,155,165,225,265,270,225,170,155,100,95,55,45,10
"337",9330286.02,6866,6978,1.6,2.79,6975,3490,235,285,265,280,235,180,245,295,330,305,275,195,155,95,65,40,15,5,3480,195,235,260,280,215,185,255,320,355,320,260,200,130,95,75,55,15,25
"338",9330286.03,4243,4125,-2.8,2.96,4125,2070,95,130,160,170,150,105,110,160,170,180,175,150,105,85,60,35,15,5,2055,115,130,155,160,110,95,110,185,170,195,180,150,100,90,40,40,20,15
"339",9330287.01,6708,7197,7.3,1.89,7195,3555,250,315,380,360,200,150,260,315,405,345,220,100,75,55,55,35,20,10,3640,215,285,340,300,210,200,275,410,415,340,190,125,85,70,70,60,35,15
"340",9330287.02,3666,3914,6.8,55.6,3915,1975,150,180,190,160,105,70,115,190,225,185,130,95,65,50,30,25,10,5,1935,140,165,170,165,105,75,135,220,210,165,115,80,65,50,35,30,10,5
"341",9330287.04,7368,8217,11.5,3.16,8220,4085,270,295,425,435,245,155,245,305,380,445,355,210,105,80,50,45,15,10,4135,235,280,325,375,260,205,305,395,495,455,315,165,100,80,55,55,30,15
"342",9330287.05,6837,8711,27.4,2.82,8710,3990,200,215,235,250,250,280,370,410,345,335,280,180,130,150,125,125,65,45,4720,190,150,220,235,265,350,410,440,425,375,345,200,250,210,250,200,125,75
"343",9330287.06,3895,4202,7.9,1.19,4200,1890,105,120,140,195,120,80,90,130,150,180,145,85,70,70,65,60,40,50,2310,75,135,165,145,100,85,130,160,200,165,160,80,95,110,80,120,125,170
"344",9330287.07,6433,11914,85.2,21.85,11915,5910,335,430,550,575,445,315,340,420,595,625,530,290,170,140,95,35,10,5,6005,275,425,520,550,410,340,430,595,685,645,455,210,165,120,90,55,25,15
"345",9330290.02,5193,6072,16.9,4.53,6070,2840,200,170,155,145,160,235,370,350,270,195,150,80,80,70,50,60,40,55,3225,175,160,130,140,180,290,335,310,240,225,195,110,80,95,110,140,140,185
"346",9330290.03,5930,6248,5.4,3.26,6250,3130,245,265,285,240,175,200,255,300,335,275,165,130,90,75,45,30,15,0,3120,250,235,230,255,185,180,270,355,345,230,170,140,95,70,40,30,15,10
"347",9330290.04,5866,6724,14.6,4.9,6720,3325,185,250,270,260,220,140,190,280,330,315,300,205,145,100,65,40,20,15,3400,210,240,260,245,210,135,200,350,385,350,255,190,130,105,85,30,20,5
"348",9330290.05,3485,3522,1.1,1.55,3520,1830,145,155,175,150,105,100,145,180,200,150,115,85,50,30,20,15,5,5,1695,110,155,140,120,95,110,145,195,170,140,105,80,40,35,20,25,10,5
"349",9330291.01,6287,6509,3.5,2.28,6510,3225,210,225,230,245,200,235,295,325,300,255,185,145,105,95,75,50,30,15,3285,210,200,205,245,210,240,300,340,295,250,185,155,135,100,85,65,40,20
"350",9330291.02,7388,7772,5.2,3.11,7775,3890,265,315,305,330,255,255,310,345,390,315,280,175,120,85,65,35,30,15,3880,260,280,275,295,270,245,315,360,380,355,260,190,110,105,70,55,40,20
"351",9330292.01,5762,5762,0,2.08,5760,2930,205,250,300,270,180,140,190,245,305,230,225,150,85,65,35,25,5,10,2840,170,235,265,245,145,130,215,290,320,270,210,120,80,55,40,30,10,10
"352",9330292.02,6771,8653,27.8,7.86,8655,4320,285,400,375,385,245,220,310,405,445,395,290,200,130,100,70,35,15,10,4330,265,385,330,370,230,210,355,500,460,355,275,200,125,100,70,50,35,15
"353",9330400.01,5883,9186,56.1,18.97,9180,4580,350,445,425,380,210,225,370,445,480,345,265,175,155,110,90,55,30,20,4605,325,395,445,310,205,280,435,475,470,325,265,185,140,125,90,65,40,35
"354",9330400.02,3476,3436,-1.2,37.64,3435,1760,65,120,130,125,115,60,80,140,175,155,175,135,100,80,50,25,15,10,1675,80,120,125,110,105,55,80,150,160,160,190,120,70,50,40,25,15,10
"355",9330401.01,2255,2676,18.7,1.11,2680,1325,90,85,80,105,85,85,90,120,125,90,85,75,65,45,40,30,20,15,1355,85,75,85,85,70,75,120,125,105,85,90,85,65,60,60,45,35,20
"356",9330401.02,6205,6898,11.2,3.14,6895,3270,190,190,155,175,170,200,295,285,280,230,195,170,160,145,145,145,90,50,3630,200,180,140,155,170,210,230,295,255,225,230,195,205,200,220,205,135,160
"357",9330402.01,7312,7865,7.6,3.06,7865,3760,245,310,330,240,225,170,270,330,385,285,230,160,140,115,115,110,60,50,4110,245,290,305,300,195,215,295,360,395,290,210,160,145,150,170,160,125,100
"358",9330402.02,4785,4968,3.8,2.99,4965,2420,150,185,225,220,145,115,145,190,240,200,175,110,85,70,65,55,25,10,2540,160,205,205,185,125,100,170,230,250,240,160,115,85,80,80,60,55,20
"359",9330403.01,5405,5500,1.8,2.32,5500,2790,155,275,270,245,165,135,170,270,260,195,205,135,95,75,55,45,35,15,2710,140,205,210,190,130,135,205,275,270,220,185,125,95,65,65,70,50,70
"360",9330403.03,5305,5617,5.9,3.81,5610,2775,235,280,260,220,130,125,245,320,260,210,170,85,70,70,35,30,15,15,2835,220,250,240,195,155,185,250,320,315,200,145,90,70,70,45,30,30,25
"361",9330403.04,4751,4730,-0.4,4.97,4730,2395,160,195,235,225,130,95,155,215,245,215,195,95,70,55,50,45,20,10,2335,145,205,170,205,110,115,170,235,235,235,150,80,70,60,60,45,25,15
"362",9330403.05,3588,4247,18.4,1.82,4245,2105,135,170,200,190,130,90,120,200,220,180,165,90,60,65,40,35,20,10,2140,135,175,165,190,120,75,140,205,250,185,145,90,65,60,55,45,25,15
"363",9330404,7395,8275,11.9,188.12,8275,4320,230,340,370,355,280,200,290,405,450,395,325,210,185,130,85,45,20,10,3955,190,330,355,300,205,190,280,405,425,365,285,185,145,130,80,50,25,15
"364",9330410.02,5461,6001,9.9,22.25,6000,2875,180,215,230,210,150,155,225,260,290,205,185,155,100,95,100,60,40,20,3125,155,235,215,205,155,170,285,275,270,230,205,165,130,105,120,110,60,25
"365",9330410.03,7121,7752,8.9,3.97,7750,3780,270,265,330,335,210,190,270,355,385,330,255,195,120,90,90,55,25,15,3975,230,330,325,325,195,210,320,400,405,320,270,180,125,105,85,70,65,15
"366",9330410.04,854,917,7.4,59.16,920,480,20,25,35,45,40,30,30,30,35,40,30,20,25,35,20,10,5,0,440,20,25,30,35,35,15,20,25,40,35,30,20,35,25,20,10,5,5
"367",9330500,6292,6290,0,72.51,6285,3135,150,205,200,230,135,130,175,240,255,240,230,235,170,160,135,145,75,30,3155,160,175,230,210,135,145,170,240,255,240,255,215,150,155,140,145,100,35
"368",9330501.01,2526,2980,18,19.57,2980,1395,70,80,85,100,80,70,85,110,95,90,80,85,70,70,70,60,45,50,1580,80,70,85,85,90,60,85,85,95,95,105,95,65,70,90,100,90,130
"369",9330501.02,5611,5425,-3.3,18.93,5425,2755,110,160,215,255,170,100,95,185,255,255,265,240,160,105,90,55,30,15,2665,90,185,220,240,160,95,120,175,265,255,275,205,125,90,55,60,40,20
"370",9330501.03,3403,3228,-5.1,23.21,3230,1695,90,130,150,185,115,65,110,145,160,140,120,95,60,40,40,25,15,10,1530,75,115,135,140,85,75,100,135,170,135,120,55,55,40,35,25,20,10
"371",9330502.01,2529,2496,-1.3,1.47,2495,1230,55,110,115,90,80,60,80,100,100,120,130,75,35,25,15,20,10,10,1265,75,90,110,115,85,55,70,110,105,120,125,50,35,25,30,40,15,10
"372",9330502.02,4065,3984,-2,9.42,3985,1950,80,90,135,140,110,75,100,120,130,195,155,135,120,105,90,90,50,35,2035,80,95,120,145,105,95,80,125,135,165,185,150,120,125,105,115,65,30
"373",9330502.03,5265,5203,-1.2,2.62,5200,2635,145,225,250,260,160,125,165,235,255,220,200,160,80,55,35,35,20,10,2565,175,220,210,210,135,110,195,250,280,220,200,145,75,30,35,35,30,20
"374",9330502.04,6754,8455,25.2,6.46,8460,4070,240,310,340,385,290,220,190,275,385,355,295,245,140,135,105,95,45,20,4385,220,305,375,390,265,200,230,390,415,365,320,235,175,160,130,130,60,25
"375",9330502.05,2580,2495,-3.3,33.52,2495,1215,40,85,100,105,55,55,60,85,115,100,110,115,70,45,40,25,10,5,1275,55,85,95,105,75,50,85,90,110,125,120,90,60,45,35,25,20,10
"376",9330503.01,2665,2589,-2.9,1.08,2585,1340,90,115,115,125,85,60,75,125,130,105,105,65,50,30,20,15,10,10,1250,70,95,105,100,70,70,90,120,115,120,115,55,45,20,20,25,10,5
"377",9330503.03,7257,7198,-0.8,3.64,7200,3580,255,275,280,340,240,185,265,320,300,290,260,200,120,60,65,70,40,25,3625,210,295,295,330,240,190,255,340,330,290,285,175,95,65,65,85,50,20
"378",9330503.04,4862,5330,9.6,4.08,5330,2490,155,165,125,130,215,260,215,210,190,170,140,85,95,80,100,70,60,25,2840,165,150,155,160,215,270,190,210,205,170,160,125,120,110,145,135,85,85
"379",9330503.05,7739,8526,10.2,1.42,8525,3815,245,200,170,220,280,385,320,295,245,225,220,185,140,135,160,150,135,100,4710,235,235,165,190,375,380,350,295,280,260,260,230,180,190,245,315,265,260
"380",9330504.01,7436,7567,1.8,21.6,7565,3755,250,280,285,320,260,230,265,285,310,305,280,195,170,115,85,55,45,25,3810,200,265,300,290,230,235,275,320,340,330,260,175,160,110,115,95,75,30
"381",9330504.02,5684,8052,41.7,8.15,8055,3950,285,330,340,325,170,115,245,345,370,350,250,210,155,155,110,95,60,40,4105,220,310,335,300,165,150,280,375,440,335,240,205,175,140,145,115,95,75
"382",9330504.03,6041,6501,7.6,13.74,6505,3215,275,320,290,270,170,150,260,315,345,275,195,135,65,45,50,30,10,10,3285,245,305,295,285,170,190,290,355,345,265,195,115,60,60,55,40,20,5
"383",9330504.04,5947,7524,26.5,2.11,7525,3670,260,280,310,295,160,155,260,325,305,275,265,140,125,165,150,130,40,15,3850,235,255,280,230,155,160,305,355,365,335,240,175,160,200,160,135,65,35
"384",9330505,6346,6530,2.9,66.62,6530,3240,165,235,280,265,175,150,160,240,300,290,275,240,160,100,80,55,35,40,3290,175,215,285,295,180,155,180,245,310,300,270,205,140,80,85,70,50,35
"385",9330506.01,3723,3759,1,3.05,3760,1865,175,210,190,135,120,120,150,175,180,110,90,75,35,30,20,25,15,5,1895,165,175,155,130,115,140,170,220,190,135,85,70,30,35,30,30,25,5
"386",9330506.02,6511,6914,6.2,6.26,6915,3425,260,315,310,295,190,185,235,335,295,240,220,145,105,85,90,60,30,30,3495,210,285,325,275,195,200,275,340,290,255,195,140,95,100,105,90,60,60
